intent,sub_query,url_penanggung_jawab,sub_query_covered,source_method,evidence_note
food storage containers,how to choose food storage containers airtight,https://www.sesoris.com/blog/food-storage-containers-airtight,ya,public web-search fallback (Perplexity unavailable),coverage checked against current local article JSON; live route registry verified
food storage containers,best options for a small space food storage containers airtight,https://www.sesoris.com/blog/food-storage-containers-airtight,ya,public web-search fallback (Perplexity unavailable),coverage checked against current local article JSON; live route registry verified
food storage containers,what size works best food storage containers airtight,https://www.sesoris.com/blog/food-storage-containers-airtight,ya,public web-search fallback (Perplexity unavailable),coverage checked against current local article JSON; live route registry verified
food storage containers,how to organize food storage containers airtight,https://www.sesoris.com/blog/food-storage-containers-airtight,ya,public web-search fallback (Perplexity unavailable),coverage checked against current local article JSON; live route registry verified
food storage containers,what materials are easiest to clean food storage containers airtight,https://www.sesoris.com/blog/food-storage-containers-airtight,ya,public web-search fallback (Perplexity unavailable),coverage checked against current local article JSON; live route registry verified
food storage containers,what mistakes should be avoided food storage containers airtight,https://www.sesoris.com/blog/food-storage-containers-airtight,ya,public web-search fallback (Perplexity unavailable),coverage checked against current local article JSON; live route registry verified
closet organization ideas,how to choose very small closet organization ideas,https://www.sesoris.com/blog/very-small-closet-organization-ideas-transform-tiny-storage-space-2026,ya,public web-search fallback (Perplexity unavailable),coverage checked against current local article JSON; live route registry verified
closet organization ideas,best options for a small space very small closet organization ideas,https://www.sesoris.com/blog/very-small-closet-organization-ideas-transform-tiny-storage-space-2026,ya,public web-search fallback (Perplexity unavailable),coverage checked against current local article JSON; live route registry verified
closet organization ideas,what size works best very small closet organization ideas,https://www.sesoris.com/blog/very-small-closet-organization-ideas-transform-tiny-storage-space-2026,ya,public web-search fallback (Perplexity unavailable),coverage checked against current local article JSON; live route registry verified
closet organization ideas,how to organize very small closet organization ideas,https://www.sesoris.com/blog/very-small-closet-organization-ideas-transform-tiny-storage-space-2026,ya,public web-search fallback (Perplexity unavailable),coverage checked against current local article JSON; live route registry verified
closet organization ideas,what materials are easiest to clean very small closet organization ideas,https://www.sesoris.com/blog/very-small-closet-organization-ideas-transform-tiny-storage-space-2026,ya,public web-search fallback (Perplexity unavailable),coverage checked against current local article JSON; live route registry verified
closet organization ideas,what mistakes should be avoided very small closet organization ideas,https://www.sesoris.com/blog/very-small-closet-organization-ideas-transform-tiny-storage-space-2026,ya,public web-search fallback (Perplexity unavailable),coverage checked against current local article JSON; live route registry verified
garage storage solutions,how to choose storage solutions in garage,https://www.sesoris.com/blog/garage-storage-solutions-costco-complete-review-buying-guide-2026,ya,public web-search fallback (Perplexity unavailable),coverage checked against current local article JSON; live route registry verified
garage storage solutions,best options for a small space storage solutions in garage,https://www.sesoris.com/blog/garage-storage-solutions-costco-complete-review-buying-guide-2026,ya,public web-search fallback (Perplexity unavailable),coverage checked against current local article JSON; live route registry verified
garage storage solutions,what size works best storage solutions in garage,https://www.sesoris.com/blog/garage-storage-solutions-costco-complete-review-buying-guide-2026,ya,public web-search fallback (Perplexity unavailable),coverage checked against current local article JSON; live route registry verified
garage storage solutions,how to organize storage solutions in garage,https://www.sesoris.com/blog/garage-storage-solutions-costco-complete-review-buying-guide-2026,ya,public web-search fallback (Perplexity unavailable),coverage checked against current local article JSON; live route registry verified
garage storage solutions,what materials are easiest to clean storage solutions in garage,https://www.sesoris.com/blog/garage-storage-solutions-costco-complete-review-buying-guide-2026,ya,public web-search fallback (Perplexity unavailable),coverage checked against current local article JSON; live route registry verified
garage storage solutions,what mistakes should be avoided storage solutions in garage,https://www.sesoris.com/blog/garage-storage-solutions-costco-complete-review-buying-guide-2026,ya,public web-search fallback (Perplexity unavailable),coverage checked against current local article JSON; live route registry verified
shoe storage ideas,how to choose toy storage,https://www.sesoris.com/blog/toy-storage-ideas-for-living-room-transform-family-space-2026,ya,public web-search fallback (Perplexity unavailable),coverage checked against current local article JSON; live route registry verified
shoe storage ideas,best options for a small space toy storage,https://www.sesoris.com/blog/toy-storage-ideas-for-living-room-transform-family-space-2026,ya,public web-search fallback (Perplexity unavailable),coverage checked against current local article JSON; live route registry verified
shoe storage ideas,what size works best toy storage,https://www.sesoris.com/blog/toy-storage-ideas-for-living-room-transform-family-space-2026,ya,public web-search fallback (Perplexity unavailable),coverage checked against current local article JSON; live route registry verified
shoe storage ideas,how to organize toy storage,https://www.sesoris.com/blog/toy-storage-ideas-for-living-room-transform-family-space-2026,ya,public web-search fallback (Perplexity unavailable),coverage checked against current local article JSON; live route registry verified
shoe storage ideas,what materials are easiest to clean toy storage,https://www.sesoris.com/blog/toy-storage-ideas-for-living-room-transform-family-space-2026,ya,public web-search fallback (Perplexity unavailable),coverage checked against current local article JSON; live route registry verified
shoe storage ideas,what mistakes should be avoided toy storage,https://www.sesoris.com/blog/toy-storage-ideas-for-living-room-transform-family-space-2026,ya,public web-search fallback (Perplexity unavailable),coverage checked against current local article JSON; live route registry verified
pantry organization ideas,how to choose organization ideas for pantry,https://www.sesoris.com/blog/organization-ideas-for-pantry-transform-kitchen-storage-2026,ya,public web-search fallback (Perplexity unavailable),coverage checked against current local article JSON; live route registry verified
pantry organization ideas,best options for a small space organization ideas for pantry,https://www.sesoris.com/blog/organization-ideas-for-pantry-transform-kitchen-storage-2026,ya,public web-search fallback (Perplexity unavailable),coverage checked against current local article JSON; live route registry verified
pantry organization ideas,what size works best organization ideas for pantry,https://www.sesoris.com/blog/organization-ideas-for-pantry-transform-kitchen-storage-2026,ya,public web-search fallback (Perplexity unavailable),coverage checked against current local article JSON; live route registry verified
pantry organization ideas,how to organize organization ideas for pantry,https://www.sesoris.com/blog/organization-ideas-for-pantry-transform-kitchen-storage-2026,ya,public web-search fallback (Perplexity unavailable),coverage checked against current local article JSON; live route registry verified
pantry organization ideas,what materials are easiest to clean organization ideas for pantry,https://www.sesoris.com/blog/organization-ideas-for-pantry-transform-kitchen-storage-2026,ya,public web-search fallback (Perplexity unavailable),coverage checked against current local article JSON; live route registry verified
pantry organization ideas,what mistakes should be avoided organization ideas for pantry,https://www.sesoris.com/blog/organization-ideas-for-pantry-transform-kitchen-storage-2026,ya,public web-search fallback (Perplexity unavailable),coverage checked against current local article JSON; live route registry verified
laundry room organization,how to choose keranjang laundry,https://www.sesoris.com/blog/laundry-room-organization-ideas-small-room,tidak,public web-search fallback (Perplexity unavailable),coverage checked against current local article JSON; live route registry verified
laundry room organization,best options for a small space keranjang laundry,https://www.sesoris.com/blog/laundry-room-organization-ideas-small-room,tidak,public web-search fallback (Perplexity unavailable),coverage checked against current local article JSON; live route registry verified
laundry room organization,what size works best keranjang laundry,https://www.sesoris.com/blog/laundry-room-organization-ideas-small-room,tidak,public web-search fallback (Perplexity unavailable),coverage checked against current local article JSON; live route registry verified
laundry room organization,how to organize keranjang laundry,https://www.sesoris.com/blog/laundry-room-organization-ideas-small-room,tidak,public web-search fallback (Perplexity unavailable),coverage checked against current local article JSON; live route registry verified
laundry room organization,what materials are easiest to clean keranjang laundry,https://www.sesoris.com/blog/laundry-room-organization-ideas-small-room,tidak,public web-search fallback (Perplexity unavailable),coverage checked against current local article JSON; live route registry verified
laundry room organization,what mistakes should be avoided keranjang laundry,https://www.sesoris.com/blog/laundry-room-organization-ideas-small-room,tidak,public web-search fallback (Perplexity unavailable),coverage checked against current local article JSON; live route registry verified
living room storage ideas,how to choose toy storage ideas for living room,https://www.sesoris.com/blog/toy-storage-ideas-for-living-room-transform-family-space-2026,ya,public web-search fallback (Perplexity unavailable),coverage checked against current local article JSON; live route registry verified
living room storage ideas,best options for a small space toy storage ideas for living room,https://www.sesoris.com/blog/toy-storage-ideas-for-living-room-transform-family-space-2026,ya,public web-search fallback (Perplexity unavailable),coverage checked against current local article JSON; live route registry verified
living room storage ideas,what size works best toy storage ideas for living room,https://www.sesoris.com/blog/toy-storage-ideas-for-living-room-transform-family-space-2026,ya,public web-search fallback (Perplexity unavailable),coverage checked against current local article JSON; live route registry verified
living room storage ideas,how to organize toy storage ideas for living room,https://www.sesoris.com/blog/toy-storage-ideas-for-living-room-transform-family-space-2026,ya,public web-search fallback (Perplexity unavailable),coverage checked against current local article JSON; live route registry verified
living room storage ideas,what materials are easiest to clean toy storage ideas for living room,https://www.sesoris.com/blog/toy-storage-ideas-for-living-room-transform-family-space-2026,ya,public web-search fallback (Perplexity unavailable),coverage checked against current local article JSON; live route registry verified
living room storage ideas,what mistakes should be avoided toy storage ideas for living room,https://www.sesoris.com/blog/toy-storage-ideas-for-living-room-transform-family-space-2026,ya,public web-search fallback (Perplexity unavailable),coverage checked against current local article JSON; live route registry verified
desk organizer,how to choose desk organizer,https://www.sesoris.com/blog/desk-organizer,ya,public web-search fallback (Perplexity unavailable),coverage checked against current local article JSON; live route registry verified
desk organizer,best options for a small space desk organizer,https://www.sesoris.com/blog/desk-organizer,ya,public web-search fallback (Perplexity unavailable),coverage checked against current local article JSON; live route registry verified
desk organizer,what size works best desk organizer,https://www.sesoris.com/blog/desk-organizer,ya,public web-search fallback (Perplexity unavailable),coverage checked against current local article JSON; live route registry verified
desk organizer,how to organize desk organizer,https://www.sesoris.com/blog/desk-organizer,ya,public web-search fallback (Perplexity unavailable),coverage checked against current local article JSON; live route registry verified
desk organizer,what materials are easiest to clean desk organizer,https://www.sesoris.com/blog/desk-organizer,ya,public web-search fallback (Perplexity unavailable),coverage checked against current local article JSON; live route registry verified
desk organizer,what mistakes should be avoided desk organizer,https://www.sesoris.com/blog/desk-organizer,ya,public web-search fallback (Perplexity unavailable),coverage checked against current local article JSON; live route registry verified
kitchen organizer ideas,how to choose organizer kamar mandi,https://www.sesoris.com/blog/kitchen-drawer-organizer-ideas-transform-cooking-space-2026,tidak,public web-search fallback (Perplexity unavailable),coverage checked against current local article JSON; live route registry verified
kitchen organizer ideas,best options for a small space organizer kamar mandi,https://www.sesoris.com/blog/kitchen-drawer-organizer-ideas-transform-cooking-space-2026,tidak,public web-search fallback (Perplexity unavailable),coverage checked against current local article JSON; live route registry verified
kitchen organizer ideas,what size works best organizer kamar mandi,https://www.sesoris.com/blog/kitchen-drawer-organizer-ideas-transform-cooking-space-2026,tidak,public web-search fallback (Perplexity unavailable),coverage checked against current local article JSON; live route registry verified
kitchen organizer ideas,how to organize organizer kamar mandi,https://www.sesoris.com/blog/kitchen-drawer-organizer-ideas-transform-cooking-space-2026,tidak,public web-search fallback (Perplexity unavailable),coverage checked against current local article JSON; live route registry verified
kitchen organizer ideas,what materials are easiest to clean organizer kamar mandi,https://www.sesoris.com/blog/kitchen-drawer-organizer-ideas-transform-cooking-space-2026,tidak,public web-search fallback (Perplexity unavailable),coverage checked against current local article JSON; live route registry verified
kitchen organizer ideas,what mistakes should be avoided organizer kamar mandi,https://www.sesoris.com/blog/kitchen-drawer-organizer-ideas-transform-cooking-space-2026,tidak,public web-search fallback (Perplexity unavailable),coverage checked against current local article JSON; live route registry verified
bathroom storage solutions,how to choose storage solutions for bathroom,https://www.sesoris.com/blog/storage-solutions-for-bathroom-transform-space-smart-organization-2026,ya,public web-search fallback (Perplexity unavailable),coverage checked against current local article JSON; live route registry verified
bathroom storage solutions,best options for a small space storage solutions for bathroom,https://www.sesoris.com/blog/storage-solutions-for-bathroom-transform-space-smart-organization-2026,ya,public web-search fallback (Perplexity unavailable),coverage checked against current local article JSON; live route registry verified
bathroom storage solutions,what size works best storage solutions for bathroom,https://www.sesoris.com/blog/storage-solutions-for-bathroom-transform-space-smart-organization-2026,ya,public web-search fallback (Perplexity unavailable),coverage checked against current local article JSON; live route registry verified
bathroom storage solutions,how to organize storage solutions for bathroom,https://www.sesoris.com/blog/storage-solutions-for-bathroom-transform-space-smart-organization-2026,ya,public web-search fallback (Perplexity unavailable),coverage checked against current local article JSON; live route registry verified
bathroom storage solutions,what materials are easiest to clean storage solutions for bathroom,https://www.sesoris.com/blog/storage-solutions-for-bathroom-transform-space-smart-organization-2026,ya,public web-search fallback (Perplexity unavailable),coverage checked against current local article JSON; live route registry verified
bathroom storage solutions,what mistakes should be avoided storage solutions for bathroom,https://www.sesoris.com/blog/storage-solutions-for-bathroom-transform-space-smart-organization-2026,ya,public web-search fallback (Perplexity unavailable),coverage checked against current local article JSON; live route registry verified
small space storage ideas,how to choose storage ideas for small space,https://www.sesoris.com/blog/storage-ideas-for-small-space-transform-tiny-home-2026,ya,public web-search fallback (Perplexity unavailable),coverage checked against current local article JSON; live route registry verified
small space storage ideas,best options for a small space storage ideas for small space,https://www.sesoris.com/blog/storage-ideas-for-small-space-transform-tiny-home-2026,ya,public web-search fallback (Perplexity unavailable),coverage checked against current local article JSON; live route registry verified
small space storage ideas,what size works best storage ideas for small space,https://www.sesoris.com/blog/storage-ideas-for-small-space-transform-tiny-home-2026,ya,public web-search fallback (Perplexity unavailable),coverage checked against current local article JSON; live route registry verified
small space storage ideas,how to organize storage ideas for small space,https://www.sesoris.com/blog/storage-ideas-for-small-space-transform-tiny-home-2026,ya,public web-search fallback (Perplexity unavailable),coverage checked against current local article JSON; live route registry verified
small space storage ideas,what materials are easiest to clean storage ideas for small space,https://www.sesoris.com/blog/storage-ideas-for-small-space-transform-tiny-home-2026,ya,public web-search fallback (Perplexity unavailable),coverage checked against current local article JSON; live route registry verified
small space storage ideas,what mistakes should be avoided storage ideas for small space,https://www.sesoris.com/blog/storage-ideas-for-small-space-transform-tiny-home-2026,ya,public web-search fallback (Perplexity unavailable),coverage checked against current local article JSON; live route registry verified
wall shelf ideas,how to choose shelf on wall ideas,https://www.sesoris.com/blog/bedroom-wall-shelf-ideas-transform-sleep-space-2026,ya,public web-search fallback (Perplexity unavailable),coverage checked against current local article JSON; live route registry verified
wall shelf ideas,best options for a small space shelf on wall ideas,https://www.sesoris.com/blog/bedroom-wall-shelf-ideas-transform-sleep-space-2026,ya,public web-search fallback (Perplexity unavailable),coverage checked against current local article JSON; live route registry verified
wall shelf ideas,what size works best shelf on wall ideas,https://www.sesoris.com/blog/bedroom-wall-shelf-ideas-transform-sleep-space-2026,ya,public web-search fallback (Perplexity unavailable),coverage checked against current local article JSON; live route registry verified
wall shelf ideas,how to organize shelf on wall ideas,https://www.sesoris.com/blog/bedroom-wall-shelf-ideas-transform-sleep-space-2026,ya,public web-search fallback (Perplexity unavailable),coverage checked against current local article JSON; live route registry verified
wall shelf ideas,what materials are easiest to clean shelf on wall ideas,https://www.sesoris.com/blog/bedroom-wall-shelf-ideas-transform-sleep-space-2026,ya,public web-search fallback (Perplexity unavailable),coverage checked against current local article JSON; live route registry verified
wall shelf ideas,what mistakes should be avoided shelf on wall ideas,https://www.sesoris.com/blog/bedroom-wall-shelf-ideas-transform-sleep-space-2026,ya,public web-search fallback (Perplexity unavailable),coverage checked against current local article JSON; live route registry verified
craft room storage,how to choose craft storage room,https://www.sesoris.com/blog/craft-storage-room-ideas-transform-creative-space-smart-organization-2026,ya,public web-search fallback (Perplexity unavailable),coverage checked against current local article JSON; live route registry verified
craft room storage,best options for a small space craft storage room,https://www.sesoris.com/blog/craft-storage-room-ideas-transform-creative-space-smart-organization-2026,ya,public web-search fallback (Perplexity unavailable),coverage checked against current local article JSON; live route registry verified
craft room storage,what size works best craft storage room,https://www.sesoris.com/blog/craft-storage-room-ideas-transform-creative-space-smart-organization-2026,ya,public web-search fallback (Perplexity unavailable),coverage checked against current local article JSON; live route registry verified
craft room storage,how to organize craft storage room,https://www.sesoris.com/blog/craft-storage-room-ideas-transform-creative-space-smart-organization-2026,ya,public web-search fallback (Perplexity unavailable),coverage checked against current local article JSON; live route registry verified
craft room storage,what materials are easiest to clean craft storage room,https://www.sesoris.com/blog/craft-storage-room-ideas-transform-creative-space-smart-organization-2026,ya,public web-search fallback (Perplexity unavailable),coverage checked against current local article JSON; live route registry verified
craft room storage,what mistakes should be avoided craft storage room,https://www.sesoris.com/blog/craft-storage-room-ideas-transform-creative-space-smart-organization-2026,ya,public web-search fallback (Perplexity unavailable),coverage checked against current local article JSON; live route registry verified
cleaning organization,how to choose organization and cleaning services,https://www.sesoris.com/blog/organization-and-cleaning-services-vs-diy-complete-guide-home-solutions-2026,ya,public web-search fallback (Perplexity unavailable),coverage checked against current local article JSON; live route registry verified
cleaning organization,best options for a small space organization and cleaning services,https://www.sesoris.com/blog/organization-and-cleaning-services-vs-diy-complete-guide-home-solutions-2026,ya,public web-search fallback (Perplexity unavailable),coverage checked against current local article JSON; live route registry verified
cleaning organization,what size works best organization and cleaning services,https://www.sesoris.com/blog/organization-and-cleaning-services-vs-diy-complete-guide-home-solutions-2026,ya,public web-search fallback (Perplexity unavailable),coverage checked against current local article JSON; live route registry verified
cleaning organization,how to organize organization and cleaning services,https://www.sesoris.com/blog/organization-and-cleaning-services-vs-diy-complete-guide-home-solutions-2026,ya,public web-search fallback (Perplexity unavailable),coverage checked against current local article JSON; live route registry verified
cleaning organization,what materials are easiest to clean organization and cleaning services,https://www.sesoris.com/blog/organization-and-cleaning-services-vs-diy-complete-guide-home-solutions-2026,ya,public web-search fallback (Perplexity unavailable),coverage checked against current local article JSON; live route registry verified
cleaning organization,what mistakes should be avoided organization and cleaning services,https://www.sesoris.com/blog/organization-and-cleaning-services-vs-diy-complete-guide-home-solutions-2026,ya,public web-search fallback (Perplexity unavailable),coverage checked against current local article JSON; live route registry verified
nursery organization,how to choose nursery dresser drawer organization,https://www.sesoris.com/blog/nursery-dresser-drawer-organization-complete-guide-perfect-baby-storage-2026,ya,public web-search fallback (Perplexity unavailable),coverage checked against current local article JSON; live route registry verified
nursery organization,best options for a small space nursery dresser drawer organization,https://www.sesoris.com/blog/nursery-dresser-drawer-organization-complete-guide-perfect-baby-storage-2026,ya,public web-search fallback (Perplexity unavailable),coverage checked against current local article JSON; live route registry verified
nursery organization,what size works best nursery dresser drawer organization,https://www.sesoris.com/blog/nursery-dresser-drawer-organization-complete-guide-perfect-baby-storage-2026,ya,public web-search fallback (Perplexity unavailable),coverage checked against current local article JSON; live route registry verified
nursery organization,how to organize nursery dresser drawer organization,https://www.sesoris.com/blog/nursery-dresser-drawer-organization-complete-guide-perfect-baby-storage-2026,ya,public web-search fallback (Perplexity unavailable),coverage checked against current local article JSON; live route registry verified
nursery organization,what materials are easiest to clean nursery dresser drawer organization,https://www.sesoris.com/blog/nursery-dresser-drawer-organization-complete-guide-perfect-baby-storage-2026,ya,public web-search fallback (Perplexity unavailable),coverage checked against current local article JSON; live route registry verified
nursery organization,what mistakes should be avoided nursery dresser drawer organization,https://www.sesoris.com/blog/nursery-dresser-drawer-organization-complete-guide-perfect-baby-storage-2026,ya,public web-search fallback (Perplexity unavailable),coverage checked against current local article JSON; live route registry verified
entryway organization,how to choose entryway wall organization,https://www.sesoris.com/blog/entryway-wall-organization-smart-ideas-transform-home-first-impression-2026,ya,public web-search fallback (Perplexity unavailable),coverage checked against current local article JSON; live route registry verified
entryway organization,best options for a small space entryway wall organization,https://www.sesoris.com/blog/entryway-wall-organization-smart-ideas-transform-home-first-impression-2026,ya,public web-search fallback (Perplexity unavailable),coverage checked against current local article JSON; live route registry verified
entryway organization,what size works best entryway wall organization,https://www.sesoris.com/blog/entryway-wall-organization-smart-ideas-transform-home-first-impression-2026,ya,public web-search fallback (Perplexity unavailable),coverage checked against current local article JSON; live route registry verified
entryway organization,how to organize entryway wall organization,https://www.sesoris.com/blog/entryway-wall-organization-smart-ideas-transform-home-first-impression-2026,ya,public web-search fallback (Perplexity unavailable),coverage checked against current local article JSON; live route registry verified
entryway organization,what materials are easiest to clean entryway wall organization,https://www.sesoris.com/blog/entryway-wall-organization-smart-ideas-transform-home-first-impression-2026,ya,public web-search fallback (Perplexity unavailable),coverage checked against current local article JSON; live route registry verified
entryway organization,what mistakes should be avoided entryway wall organization,https://www.sesoris.com/blog/entryway-wall-organization-smart-ideas-transform-home-first-impression-2026,ya,public web-search fallback (Perplexity unavailable),coverage checked against current local article JSON; live route registry verified
mudroom organization,how to choose sustainable living tips,https://www.sesoris.com/blog/living-sustainable-life-eco-friendly-home-organization-ideas-2026,ya,public web-search fallback (Perplexity unavailable),coverage checked against current local article JSON; live route registry verified
mudroom organization,best options for a small space sustainable living tips,https://www.sesoris.com/blog/living-sustainable-life-eco-friendly-home-organization-ideas-2026,ya,public web-search fallback (Perplexity unavailable),coverage checked against current local article JSON; live route registry verified
mudroom organization,what size works best sustainable living tips,https://www.sesoris.com/blog/living-sustainable-life-eco-friendly-home-organization-ideas-2026,ya,public web-search fallback (Perplexity unavailable),coverage checked against current local article JSON; live route registry verified
mudroom organization,how to organize sustainable living tips,https://www.sesoris.com/blog/living-sustainable-life-eco-friendly-home-organization-ideas-2026,ya,public web-search fallback (Perplexity unavailable),coverage checked against current local article JSON; live route registry verified
mudroom organization,what materials are easiest to clean sustainable living tips,https://www.sesoris.com/blog/living-sustainable-life-eco-friendly-home-organization-ideas-2026,ya,public web-search fallback (Perplexity unavailable),coverage checked against current local article JSON; live route registry verified
mudroom organization,what mistakes should be avoided sustainable living tips,https://www.sesoris.com/blog/living-sustainable-life-eco-friendly-home-organization-ideas-2026,ya,public web-search fallback (Perplexity unavailable),coverage checked against current local article JSON; live route registry verified
bedroom storage solutions,how to choose storage solutions for the bedroom,https://www.sesoris.com/blog/storage-solutions-for-the-bedroom,ya,public web-search fallback (Perplexity unavailable),coverage checked against current local article JSON; live route registry verified
bedroom storage solutions,best options for a small space storage solutions for the bedroom,https://www.sesoris.com/blog/storage-solutions-for-the-bedroom,ya,public web-search fallback (Perplexity unavailable),coverage checked against current local article JSON; live route registry verified
bedroom storage solutions,what size works best storage solutions for the bedroom,https://www.sesoris.com/blog/storage-solutions-for-the-bedroom,ya,public web-search fallback (Perplexity unavailable),coverage checked against current local article JSON; live route registry verified
bedroom storage solutions,how to organize storage solutions for the bedroom,https://www.sesoris.com/blog/storage-solutions-for-the-bedroom,ya,public web-search fallback (Perplexity unavailable),coverage checked against current local article JSON; live route registry verified
bedroom storage solutions,what materials are easiest to clean storage solutions for the bedroom,https://www.sesoris.com/blog/storage-solutions-for-the-bedroom,ya,public web-search fallback (Perplexity unavailable),coverage checked against current local article JSON; live route registry verified
bedroom storage solutions,what mistakes should be avoided storage solutions for the bedroom,https://www.sesoris.com/blog/storage-solutions-for-the-bedroom,ya,public web-search fallback (Perplexity unavailable),coverage checked against current local article JSON; live route registry verified
kitchen rack ideas,how to choose towel rack ideas for kitchen,https://www.sesoris.com/blog/towel-rack-ideas-for-kitchen-stylish-functional-solutions-2026,ya,public web-search fallback (Perplexity unavailable),coverage checked against current local article JSON; live route registry verified
kitchen rack ideas,best options for a small space towel rack ideas for kitchen,https://www.sesoris.com/blog/towel-rack-ideas-for-kitchen-stylish-functional-solutions-2026,ya,public web-search fallback (Perplexity unavailable),coverage checked against current local article JSON; live route registry verified
kitchen rack ideas,what size works best towel rack ideas for kitchen,https://www.sesoris.com/blog/towel-rack-ideas-for-kitchen-stylish-functional-solutions-2026,ya,public web-search fallback (Perplexity unavailable),coverage checked against current local article JSON; live route registry verified
kitchen rack ideas,how to organize towel rack ideas for kitchen,https://www.sesoris.com/blog/towel-rack-ideas-for-kitchen-stylish-functional-solutions-2026,ya,public web-search fallback (Perplexity unavailable),coverage checked against current local article JSON; live route registry verified
kitchen rack ideas,what materials are easiest to clean towel rack ideas for kitchen,https://www.sesoris.com/blog/towel-rack-ideas-for-kitchen-stylish-functional-solutions-2026,ya,public web-search fallback (Perplexity unavailable),coverage checked against current local article JSON; live route registry verified
kitchen rack ideas,what mistakes should be avoided towel rack ideas for kitchen,https://www.sesoris.com/blog/towel-rack-ideas-for-kitchen-stylish-functional-solutions-2026,ya,public web-search fallback (Perplexity unavailable),coverage checked against current local article JSON; live route registry verified
home decluttering tips,how to choose home decluttering tips,https://www.sesoris.com/blog/home-decluttering-tips-calm-organized-home-2026,ya,public web-search fallback (Perplexity unavailable),coverage checked against current local article JSON; live route registry verified
home decluttering tips,best options for a small space home decluttering tips,https://www.sesoris.com/blog/home-decluttering-tips-calm-organized-home-2026,ya,public web-search fallback (Perplexity unavailable),coverage checked against current local article JSON; live route registry verified
home decluttering tips,what size works best home decluttering tips,https://www.sesoris.com/blog/home-decluttering-tips-calm-organized-home-2026,ya,public web-search fallback (Perplexity unavailable),coverage checked against current local article JSON; live route registry verified
home decluttering tips,how to organize home decluttering tips,https://www.sesoris.com/blog/home-decluttering-tips-calm-organized-home-2026,ya,public web-search fallback (Perplexity unavailable),coverage checked against current local article JSON; live route registry verified
home decluttering tips,what materials are easiest to clean home decluttering tips,https://www.sesoris.com/blog/home-decluttering-tips-calm-organized-home-2026,ya,public web-search fallback (Perplexity unavailable),coverage checked against current local article JSON; live route registry verified
home decluttering tips,what mistakes should be avoided home decluttering tips,https://www.sesoris.com/blog/home-decluttering-tips-calm-organized-home-2026,ya,public web-search fallback (Perplexity unavailable),coverage checked against current local article JSON; live route registry verified
