score,slug,words,h2,h3,imgs,int_links,ext_links,faq_count,usd_hits,em_dash,idr_count,filler_count,fake_authority,opinion_markers,author
82,diy-wooden-spice-rack-kitchen-organization-tutorial,1851,13,0,4,13,2,5,0,0,14,0,0,0,"Tim Sesoris"
82,rak-kompor-organisasi-area-memasak-lebih-rapi,1765,14,0,4,14,2,5,0,0,4,0,0,0,"Tim Sesoris"
83,cara-merawat-peralatan-dapur-stainless-steel,1606,15,0,3,11,2,5,0,0,13,0,0,0,"Tim Sesoris"
83,ideas-for-storage-in-living-room-transform-space-2026,1831,11,14,5,13,2,19,0,0,0,0,0,0,"Tim Sesoris"
83,inspirasi-dekorasi-kamar-tidur-2026,1622,17,0,3,11,2,5,0,0,13,0,0,0,"Tim Sesoris"
83,mengorganisir-dapur-kecil-dengan-efektif,1617,19,0,3,11,2,5,0,0,9,0,0,0,"Tim Sesoris"
83,rak-stainless-dapur,1994,10,16,3,12,2,21,0,0,16,1,1,0,"Tim Sesoris"
83,review-koleksi-kontainer-serbaguna-sesoris,1751,18,0,3,12,2,5,0,0,10,0,0,0,"Tim Sesoris"
83,sustainable-living-mulai-dari-rumah,1684,19,0,3,12,2,5,0,0,13,0,0,0,"Tim Sesoris"
83,tips-menata-rumah-minimalis-marie-kondo,1755,19,0,3,11,2,5,0,0,9,0,0,0,"Tim Sesoris"
85,airtight-pet-food-storage-containers-ultimate-guide-fresh-pet-food-2026,1900,11,21,4,12,2,27,0,0,8,0,0,0,"Tim Sesoris"
85,bag-organizer-travel,1893,12,18,3,12,2,23,0,0,23,0,0,0,"Tim Sesoris"
85,bpa-free-food-storage-containers-complete-guide-safe-food-storage-2026,1813,10,13,4,19,2,18,0,0,16,0,1,0,"Tim Sesoris"
85,cara-membuat-mini-bar-dapur-di-rumah-minimalis,1761,10,13,4,15,2,18,0,0,23,0,0,0,"Tim Sesoris"
85,cleaning-supply-organization-ultimate-guide-transform-home-storage-2026,1760,10,6,4,12,2,11,0,0,2,0,0,0,"Tim Sesoris"
85,closet-organization-nursery-ultimate-guide-creating-perfect-baby-storage-2026,1900,11,15,4,12,2,20,0,0,52,0,0,0,"Tim Sesoris"
85,complete-guide-minimalist-kitchen-sets-small-kitchens-smart-design-ideas-2026,1764,12,5,4,16,2,10,0,0,8,0,0,0,"Tim Sesoris"
85,containers-for-dog-food-storage-keep-pet-food-fresh-2026,1967,13,16,4,15,2,21,0,0,18,0,0,0,"Tim Sesoris"
85,covered-dish-racks-anti-dust-kitchen-storage-complete-guide-2026,1749,12,18,4,16,2,23,0,0,6,0,0,0,"Tim Sesoris"
85,craft-storage-room-ideas-transform-creative-space-smart-organization-2026,1857,11,4,4,13,2,9,0,0,52,0,0,0,"Tim Sesoris"
85,denah-rumah-minimalis,1896,11,12,3,13,2,17,0,0,4,0,0,0,"Tim Sesoris"
85,desain-rak-piring-minimalis-untuk-dapur-modern,1918,9,15,4,15,2,21,0,0,17,0,0,0,"Tim Sesoris"
85,desain-rumah-minimalis-2-lantai,1983,11,25,3,16,2,30,0,0,10,0,0,0,"Tim Sesoris"
85,desain-rumah-minimalis-3-kamar,1885,12,19,3,13,2,24,0,0,15,0,0,0,"Tim Sesoris"
85,desain-rumah-minimalis,1722,10,16,4,17,2,22,0,0,6,0,0,0,"Tim Sesoris"
85,desk-organizer,1985,13,15,3,12,2,20,0,0,48,0,0,0,"Tim Sesoris"
85,diy-storage-box,1923,13,11,3,11,2,16,0,0,6,0,0,0,"Tim Sesoris"
85,dog-food-containers-storage-solutions-2026,1769,14,22,4,12,2,27,0,0,35,0,2,0,"Tim Sesoris"
85,entryway-wall-organization-smart-ideas-transform-home-first-impression-2026,1940,12,16,5,13,2,21,0,0,1,0,0,0,"Tim Sesoris"
85,food-container,1910,13,15,3,12,2,20,0,0,22,0,0,0,"Tim Sesoris"
85,food-storage-containers-for-kitchen-ultimate-2026-guide-fresh-food-organization,1993,11,18,4,12,2,23,0,0,19,0,0,0,"Tim Sesoris"
85,food-storage-containers-lids-complete-guide-replacement-repair-organizing-2026,1996,12,16,4,13,2,21,0,0,13,0,0,0,"Tim Sesoris"
85,glass-containers-food-storage-complete-guide-2026,1851,12,20,4,12,2,25,0,0,19,0,1,0,"Tim Sesoris"
85,glass-food-storage-containers-lids-complete-guide-replacement-repair-2026,1866,11,17,4,12,2,22,0,0,15,0,1,0,"Tim Sesoris"
85,glasslock-food-storage-containers-complete-guide-2026,1867,12,19,4,13,2,24,0,0,14,0,0,0,"Tim Sesoris"
85,harga-kitchen-set-minimalis-dapur-kecil,1941,10,16,3,16,2,22,0,0,47,0,0,0,"Tim Sesoris"
85,harga-rak-piring-aluminium-terbaru,1888,11,20,4,16,2,25,0,0,24,0,0,0,"Tim Sesoris"
85,how-to-organize-your-home-expert-guide-tidy-living-space,1783,12,3,4,16,2,8,0,0,8,0,0,0,"Tim Sesoris"
85,ideas-for-closet-organization-transform-storage-space-2026,1643,11,14,4,15,2,19,0,0,13,0,0,0,"Tim Sesoris"
85,ideas-for-shoe-storage-in-mudroom,1725,13,18,4,14,2,23,0,0,20,0,0,0,"Tim Sesoris"
85,ideas-on-closet-organization-transform-wardrobe-space-2026,1766,12,8,4,14,2,13,0,0,22,0,0,0,"Tim Sesoris"
85,interior-rumah-minimalis,1992,13,11,3,12,2,16,0,0,24,0,0,0,"Tim Sesoris"
85,jenis-jenis-tempat-piring-dan-cara-memilih,1969,10,17,4,14,2,22,0,0,16,0,0,0,"Tim Sesoris"
85,keranjang-penyimpanan,1950,12,20,3,12,2,25,0,0,16,0,0,0,"Tim Sesoris"
85,kitchen-cabinets-organizer-ideas,1781,12,17,4,13,2,22,0,0,22,0,0,0,"Tim Sesoris"
85,kitchen-dish-rack-complete-storage-solutions-guide-2026,1919,12,17,4,14,2,23,0,0,10,0,0,0,"Tim Sesoris"
85,kitchen-set-minimalis,1721,12,21,3,11,2,27,0,0,18,0,0,0,"Tim Sesoris"
85,latest-minimalist-kitchen-set-models-top-2026-trends-modern-homes,1827,11,17,4,15,2,22,0,0,15,0,0,0,"Tim Sesoris"
85,laundry-room-organization-tips-transform-space-2026,1897,13,18,4,14,2,23,0,0,8,0,0,0,"Tim Sesoris"
85,lemari-makan-fungsi-dan-desain-untuk-ruang-makan,1638,9,9,4,15,2,14,0,0,4,0,0,0,"Tim Sesoris"
85,lemari-piring-modern-pilihan-material-dan-desain,1941,11,12,3,14,2,17,0,0,33,0,1,0,"Tim Sesoris"
85,living-room-storage-ideas-for-toys,1796,13,18,4,14,2,23,0,0,6,0,0,0,"Tim Sesoris"
85,memilih-meja-kompor-yang-tepat-untuk-dapur,1973,11,20,4,17,2,26,0,0,26,0,0,0,"Tim Sesoris"
85,minimalist-house-guide-design-organization-storage-2026,1886,10,20,5,28,2,26,0,0,1,0,0,0,"Tim Sesoris"
85,minimalist-house-paint-colors-modern-homes-2026,1792,12,19,3,17,2,26,0,0,2,0,0,0,"Tim Sesoris"
85,model-rumah-minimalis-terbaru,1855,12,22,4,25,2,28,0,0,31,0,0,0,"Tim Sesoris"
85,organization-for-laundry-room-complete-guide-transform-space-2026,1883,11,13,4,14,2,18,0,0,23,0,0,0,"Tim Sesoris"
85,organization-of-home-office-complete-guide-transform-workspace-2026,1710,12,15,4,13,2,20,0,0,26,0,0,0,"Tim Sesoris"
85,organization-pantry-ideas-transform-kitchen-storage-2026,1823,11,13,4,15,2,18,0,0,11,0,0,0,"Tim Sesoris"
85,organizer-kamar-mandi,1871,12,24,3,13,2,29,0,0,4,0,0,0,"Tim Sesoris"
85,organizer-makeup,1875,13,8,3,13,2,13,0,0,4,0,0,0,"Tim Sesoris"
85,organizer-pisau-dapur,1944,11,17,3,11,2,22,0,0,12,0,0,0,"Tim Sesoris"
85,peralatan-berkebun,1921,10,15,3,11,2,20,0,0,13,0,0,0,"Tim Sesoris"
85,perlengkapan-traveling,1891,9,14,3,13,2,19,0,0,4,0,0,0,"Tim Sesoris"
85,pet-food-storage-containers-complete-guide-2026,1958,11,15,4,17,2,20,0,0,24,0,0,0,"Tim Sesoris"
85,rak-aluminium-dapur,1919,10,11,3,13,2,16,0,0,16,0,0,0,"Tim Sesoris"
85,rak-buku-minimalis,1968,11,27,3,13,2,32,0,0,4,0,0,0,"Tim Sesoris"
85,rak-dapur,1865,14,5,3,12,2,10,0,0,16,0,0,0,"Tim Sesoris"
85,rak-dinding-dapur,1891,12,21,3,13,2,26,0,0,16,0,0,0,"Tim Sesoris"
85,rak-gantung-dapur,1914,13,20,3,12,2,25,0,0,10,0,0,0,"Tim Sesoris"
85,rak-mesin-cuci,1969,12,22,3,13,2,27,0,0,16,0,0,0,"Tim Sesoris"
85,rak-microwave,1926,12,15,3,11,2,20,0,0,10,0,0,0,"Tim Sesoris"
85,rak-penyimpanan-makanan,1849,12,22,3,12,2,27,0,0,8,0,0,0,"Tim Sesoris"
85,rak-piring-aluminium-kelebihan-dan-cara-memilih,1746,13,27,4,13,2,32,0,0,19,0,0,0,"Tim Sesoris"
85,rak-piring-aluminium-model-terbaru,1937,13,7,4,14,2,12,0,0,14,0,0,0,"Tim Sesoris"
85,rak-piring-stainless-steel-anti-karat-dan-tahan-lama,1806,11,20,3,21,2,25,0,0,20,0,0,0,"Tim Sesoris"
85,rak-serbaguna,1916,12,18,3,17,2,23,0,0,26,0,0,0,"Tim Sesoris"
85,rak-tanaman-minimalis,1926,11,12,3,11,2,17,0,0,4,0,0,0,"Tim Sesoris"
85,rice-food-storage-containers-ultimate-guide-fresh-rice-storage-2026,1869,12,17,4,12,2,23,0,0,12,0,0,0,"Tim Sesoris"
85,rubbermaid-food-storage-containers-complete-guide-premium-kitchen-organization-2026,1719,11,17,4,14,2,22,0,0,16,0,0,0,"Tim Sesoris"
85,shoe-storage-ideas-for-entryway,1837,13,15,4,13,2,20,0,0,11,0,0,0,"Tim Sesoris"
85,shoe-storage-ideas-for-small-entryway,1644,10,12,4,14,2,17,0,0,7,0,0,0,"Tim Sesoris"
85,shoe-storage-ideas-for-small-entryways-transform-tiny-space-2026,1922,14,18,4,14,2,23,0,0,8,0,0,0,"Tim Sesoris"
85,shoe-storage-ideas-for-small-spaces,1788,10,14,4,13,2,19,0,0,22,0,0,0,"Tim Sesoris"
85,shoe-storage-ideas-garage,1743,12,7,4,14,2,12,0,0,14,0,0,0,"Tim Sesoris"
85,shoe-storage-ideas-small-space-transform-entryway-2026,1772,12,15,4,14,2,20,0,0,10,0,0,0,"Tim Sesoris"
85,simple-minimalist-home-design-transform-space-tips,1854,12,13,4,17,2,19,0,0,4,0,0,0,"Tim Sesoris"
85,small-entryway-shoe-storage-ideas-smart-solutions-tiny-spaces-2026,1964,10,16,4,13,2,21,0,0,21,0,0,0,"Tim Sesoris"
85,spice-rack-types-proper-organization-guide-2026,1912,11,11,4,13,2,16,0,0,24,0,0,0,"Tim Sesoris"
85,steel-wire-dish-racks-strong-economical-kitchen-storage,1911,12,23,4,14,2,28,0,0,9,0,0,0,"Tim Sesoris"
85,storage-box-mini,1970,12,17,3,13,2,22,0,0,24,0,0,0,"Tim Sesoris"
85,storage-box-terbaik-2026-panduan-lengkap-memilih-kotak-penyimpanan,1921,13,20,4,14,2,26,0,0,14,0,0,0,"Tim Sesoris"
85,storage-box-terbaik-untuk-organisasi-rumah,1940,12,19,4,16,2,24,0,0,31,0,1,0,"Tim Sesoris"
85,storage-containers-food-ultimate-guide-fresh-food-storage-2026,1882,11,15,4,14,2,20,0,0,16,0,0,0,"Tim Sesoris"
85,storage-for-food-storage-containers-organization-guide-2026,1878,11,10,4,12,2,15,0,0,28,0,0,0,"Tim Sesoris"
85,storage-garage-solutions-transform-organized-space-2026,1869,11,15,4,12,2,20,0,0,52,0,0,0,"Tim Sesoris"
85,tas-travel-lipat,1995,12,13,3,12,2,18,0,0,20,0,0,0,"Tim Sesoris"
85,tempat-alat-tulis,1967,9,20,3,14,2,25,0,0,22,0,0,0,"Tim Sesoris"
85,tempat-penyimpanan-mainan,1937,11,10,3,12,2,15,0,0,4,0,0,0,"Tim Sesoris"
85,tempat-penyimpanan-makanan,1868,11,5,4,13,2,11,0,0,9,0,0,0,"Tim Sesoris"
85,tempat-penyimpanan-obat,1970,13,20,3,12,2,25,0,0,14,0,0,0,"Tim Sesoris"
85,tempat-penyimpanan-sepatu,1799,12,21,3,11,2,26,0,0,12,0,0,0,"Tim Sesoris"
85,tempat-sabun-kamar-mandi,1995,12,20,3,13,2,25,0,0,16,0,0,0,"Tim Sesoris"
85,tempat-sampah-dapur,1955,11,15,3,11,2,20,0,0,4,0,0,0,"Tim Sesoris"
85,tempat-tidur-dengan-storage,1985,10,17,3,11,2,22,0,0,8,0,0,0,"Tim Sesoris"
85,toples-kue-lebaran,1938,11,7,3,13,2,12,0,0,20,0,0,0,"Tim Sesoris"
85,travel-bag-organizer,1878,11,13,4,12,2,19,0,0,14,0,0,0,"Tim Sesoris"
85,travel-organizer-bag-ultimate-guide-smart-packing-solutions-2026,1889,12,21,3,10,2,27,0,0,9,0,0,0,"Tim Sesoris"
85,ultimate-storage-box-guide-2026-best-solutions-home-organization,1928,10,16,4,12,2,21,0,0,21,0,0,0,"Tim Sesoris"
85,ultimate-storage-solutions-for-the-garage-transform-space-2026,1708,10,10,4,14,2,15,0,0,12,0,0,0,"Tim Sesoris"
85,wadah-makanan-plastik-ultimate-guide-safe-storage-solutions-modern-kitchens-2026,1807,12,13,4,13,2,18,0,0,4,0,1,0,"Tim Sesoris"
85,walk-in-closet-organization-ideas-transform-dream-wardrobe-2026,1793,11,14,4,15,2,19,0,0,14,0,0,0,"Tim Sesoris"
85,wooden-spice-racks-kitchen-ultimate-guide-natural-storage-solutions-2026,1981,12,14,4,13,2,19,0,0,21,0,0,0,"Tim Sesoris"
85,work-life-balance-di-rumah-strategi-gaya-hidup-seimbang,1906,13,14,4,17,2,19,0,0,8,0,0,0,"Tim Sesoris"
86,bersih-bersih-rumah-sebelum-lebaran,2475,15,14,3,15,2,19,0,0,0,0,0,0,"Tim Sesoris"
86,box-penyimpanan-barang-panduan-memilih-dan-menata,1705,11,15,4,16,2,20,0,0,9,0,0,0,"Tim Sesoris"
86,cara-merapikan-lemari-baju,2063,13,13,3,14,2,18,0,0,0,0,0,0,"Tim Sesoris"
86,checklist-perlengkapan-dapur-lengkap-untuk-pengantin-baru,1859,11,3,4,19,2,8,0,0,29,0,0,0,"Tim Sesoris"
86,closet-organization-ideas-ikea,1782,12,14,4,15,2,19,0,0,48,0,0,0,"Tim Sesoris"
86,dish-rack-prices-complete-guide-choosing-best-kitchen-storage-2026,1874,11,13,4,14,2,18,0,0,52,0,0,0,"Tim Sesoris"
86,enclosed-dish-racks-dust-free-pest-free-kitchen-storage,1955,11,16,4,15,2,22,0,0,8,0,0,0,"Tim Sesoris"
86,essential-cleaning-supplies-organization-transform-home-storage-system-2026,1897,13,6,4,15,2,11,0,0,21,0,0,0,"Tim Sesoris"
86,food-storage-containers-airtight-complete-guide-fresh-food-storage-2026,1946,12,11,4,15,2,16,0,0,18,0,0,0,"Tim Sesoris"
86,food-storage-containers-for-rice-ultimate-guide-fresh-rice-storage-2026,1904,11,21,4,12,2,26,0,0,13,0,0,0,"Tim Sesoris"
86,gantungan-handuk-kamar-mandi-modern-dan-estetik,1723,11,20,4,13,2,25,0,0,15,0,0,0,"Tim Sesoris"
86,glass-lid-food-storage-containers-ultimate-guide-2026,1658,11,10,3,11,2,15,0,0,6,0,0,0,"Tim Sesoris"
86,hanging-dish-racks-perfect-solution-kitchens-without-cabinet-storage,1729,10,14,3,14,2,19,0,0,4,0,0,0,"Tim Sesoris"
86,home-and-office-organization-complete-guide-transform-workspace-2026,1789,12,4,4,16,2,9,0,0,15,0,0,0,"Tim Sesoris"
86,home-organization-office-transform-workspace-smart-storage-solutions-2026,1982,11,12,4,16,2,17,0,0,18,0,0,0,"Tim Sesoris"
86,home-organizer,1867,10,15,3,18,2,20,0,0,16,0,0,0,"Tim Sesoris"
86,interior-rumah,2150,14,16,4,19,2,22,0,0,0,0,0,0,"Tim Sesoris"
86,kitchen-food-storage-containers-ultimate-guide-fresh-food-organization-2026,1833,10,18,4,17,2,23,0,0,8,0,0,0,"Tim Sesoris"
86,kitchen-set-minimalis-dapur-kecil-murah,1844,11,18,4,16,2,23,0,0,21,0,0,0,"Tim Sesoris"
86,kitchen-set-sederhana-yang-tetap-stylish,1845,10,9,4,16,2,14,0,0,6,0,0,0,"Tim Sesoris"
86,kotak-penyimpanan,1990,13,13,3,13,2,18,0,0,8,0,0,0,"Tim Sesoris"
86,lemari-dapur-aluminium-tahan-lama-dan-anti-rayap,1703,12,24,4,14,2,29,0,0,14,0,0,0,"Tim Sesoris"
86,model-kitchen-set-minimalis-complete-design-guide-modern-homes-2026,1756,12,16,4,17,2,21,0,0,28,0,0,0,"Tim Sesoris"
86,organization-laundry-room-ultimate-guide-transform-space-2026,1885,12,6,3,14,2,11,0,0,13,0,0,0,"Tim Sesoris"
86,organizer-ideas-for-kitchen-transform-cooking-space-2026,1777,12,18,4,13,2,23,0,0,4,0,0,0,"Tim Sesoris"
86,organizer-travel-bag,1671,12,17,3,13,2,22,0,0,4,0,0,0,"Tim Sesoris"
86,rak-kolong-dapur,1873,10,16,3,12,2,21,0,0,14,0,0,0,"Tim Sesoris"
86,rak-meja-kerja,1985,11,22,3,12,2,27,0,0,20,0,0,0,"Tim Sesoris"
86,rak-piring-built-in-kitchen-set-panduan-lengkap,1819,12,6,4,14,2,11,0,0,10,0,0,0,"Tim Sesoris"
86,rak-piring-lemari-dapur,1847,10,12,3,13,2,17,0,0,14,0,0,0,"Tim Sesoris"
86,rak-sabun-kamar-mandi-stainless-anti-karat,1782,10,16,4,15,2,21,0,0,18,0,0,0,"Tim Sesoris"
86,rekomendasi-rak-piring-terbaik,1944,10,15,4,14,2,21,0,0,41,0,0,0,"Tim Sesoris"
86,review-rak-piring-master-worth-it-atau-tidak,1723,12,13,3,18,2,18,0,0,13,0,0,0,"Tim Sesoris"
86,rubbermaid-brilliance-food-storage-containers-ultimate-guide-2026,1671,11,11,4,20,2,16,0,0,12,0,1,0,"Tim Sesoris"
86,shelf-in-wall-ideas-transform-living-space-2026,1973,12,18,4,12,2,23,0,0,14,0,0,0,"Tim Sesoris"
86,shelf-on-wall-ideas-transform-space-2026,1764,12,12,3,15,2,17,0,0,14,0,0,0,"Tim Sesoris"
86,small-dish-racks-perfect-solutions-compact-kitchens-2026,1849,14,28,4,14,2,33,0,0,20,0,0,0,"Tim Sesoris"
86,storage-containers-dog-food-complete-tutorial-guide-fresh-pet-food-storage-2026,1749,10,15,4,14,2,20,0,0,14,0,0,0,"Tim Sesoris"
86,storage-containers-for-food-complete-guide-2026,1943,11,18,4,12,2,23,0,0,14,0,0,0,"Tim Sesoris"
86,storage-containers-for-pet-food-ultimate-guide-keeping-fresh-2026,1794,9,15,3,14,2,20,0,0,15,0,1,0,"Tim Sesoris"
86,storage-solutions-for-a-garage-transform-your-space-2026,1743,11,14,4,15,2,19,0,0,10,0,0,0,"Tim Sesoris"
86,travel-accessories,1883,10,10,3,12,2,15,0,0,25,0,0,0,"Tim Sesoris"
86,tren-dapur-modern-indonesia-desain-dan-teknologi,1859,12,15,4,16,2,20,0,0,16,0,0,0,"Tim Sesoris"
87,best-airtight-storage-containers-pet-food-keep-fresh-2026,1871,11,7,5,16,2,12,0,0,14,0,0,0,"Tim Sesoris"
87,closet-shoe-storage-ideas,1928,12,16,4,11,4,21,0,0,16,0,0,0,"Tim Sesoris"
87,diy-ideas-for-shoe-storage,1876,12,17,5,13,2,22,0,0,17,0,0,0,"Tim Sesoris"
87,food-storage-containers-with-lid-complete-guide-2026,1946,10,14,5,17,2,20,0,0,25,0,0,0,"Tim Sesoris"
87,gaya-hidup-minimalis-transformasi-rumah-storage-solutions-2026,1646,11,8,3,17,3,13,0,0,19,0,0,0,"Tim Sesoris"
87,glass-food-storage-containers-with-glass-lids-ultimate-guide-2026,1645,12,5,4,16,2,10,0,0,18,0,0,1,"Tim Sesoris"
87,hidup-berkualitas-lifestyle-storage-menciptakan-rumah-mendukung-kesejahteraan,1865,12,15,4,20,5,20,0,0,12,0,0,0,"Tim Sesoris"
87,ikea-garage-storage-solutions-complete-guide-organizing-garage-2026,1666,9,12,5,13,2,17,0,0,26,0,0,0,"Tim Sesoris"
87,inspirasi-kamar-tidur-minimalis-sederhana-yang-bikin-betah-2026,1959,11,14,4,13,4,19,0,0,20,0,0,0,"Tim Sesoris"
87,inspirasi-meja-bar-dapur-untuk-rumah-modern,1834,10,24,5,17,2,29,0,0,28,0,0,0,"Tim Sesoris"
87,kitchen-set-design-for-small-kitchens-type-36-houses-2026,1749,12,16,5,16,2,21,0,0,10,0,0,0,"Tim Sesoris"
87,living-room-toy-storage-ideas,1742,12,7,5,13,2,12,0,0,8,0,0,0,"Tim Sesoris"
87,living-room-toys-storage-ideas-transform-family-space-2026,1684,15,5,5,15,2,10,0,0,13,0,0,0,"Tim Sesoris"
87,meja-bar-dapur-minimalis-untuk-ruang-kecil,1693,11,14,5,17,2,19,0,0,14,0,0,0,"Tim Sesoris"
87,mudroom-shoe-storage-ideas-transform-entryway-2026,1932,13,14,5,13,2,19,0,0,15,0,0,0,"Tim Sesoris"
87,organization-for-home-office-complete-guide-maximum-productivity-2026,1943,12,21,5,15,2,26,0,0,4,0,0,0,"Tim Sesoris"
87,organization-ideas-closet-makeover-transform-storage-space-2026,1824,11,13,5,13,2,18,0,0,11,0,0,0,"Tim Sesoris"
87,peralatan-dapur-wajib-untuk-rumah-tangga-baru,1854,12,16,4,14,3,22,0,0,14,0,0,0,"Tim Sesoris"
87,rak-piring-di-atas-wastafel-solusi-dapur-sempit,1627,10,17,5,16,2,23,0,0,10,0,0,0,"Tim Sesoris"
87,ruang-tamu-aesthetic-tips-dekorasi-kekinian,1966,10,4,5,18,2,9,0,0,4,0,0,0,"Tim Sesoris"
87,shoe-storage-diy-ideas-transform-home-organization-2026,1912,12,12,5,15,2,17,0,0,24,0,0,0,"Tim Sesoris"
87,shoe-storage-ideas-for-garage,1861,12,13,5,14,2,18,0,0,14,0,0,0,"Tim Sesoris"
87,shoe-storage-in-garage-ideas-transform-space-2026,1946,13,8,4,18,5,13,0,0,10,0,0,0,"Tim Sesoris"
87,smart-bathroom-storage-solutions-transform-space-2026,1759,13,9,5,15,2,14,0,0,13,0,0,0,"Tim Sesoris"
87,spice-racks-for-kitchen-complete-guide-transform-cooking-space-2026,1710,9,10,4,12,3,15,0,0,27,0,0,0,"Tim Sesoris"
87,storage-ideas-small-space-transform-tiny-home-2026,1997,12,17,5,17,2,22,0,0,4,0,0,0,"Tim Sesoris"
87,storage-solutions-for-garage-organization-transform-space-2026,1690,12,13,5,12,2,18,0,0,29,0,0,0,"Tim Sesoris"
87,tempat-bumbu-cantik-untuk-dapur-instagramable,1904,9,13,5,16,2,18,0,0,13,0,0,0,"Tim Sesoris"
87,toy-storage-ideas-in-living-room,1832,13,14,5,13,2,19,0,0,18,0,0,0,"Tim Sesoris"
87,tutorial-membuat-home-office-ergonomis-produktif,1784,12,15,5,19,2,20,0,0,27,0,0,0,"Tim Sesoris"
87,tutorial-membuat-kitchen-island-mini-dapur-kecil,1879,11,15,4,17,3,20,0,0,21,0,0,0,"Tim Sesoris"
87,tutorial-membuat-spice-rack-diy-dapur-kecil,1804,10,16,4,13,5,21,0,0,32,0,0,0,"Tim Sesoris"
87,tutorial-membuat-taman-mini-indoor-panduan-lengkap-2026,1735,12,16,4,14,4,21,0,0,31,0,0,0,"Tim Sesoris"
87,tutorial-plant-care-station-diy-organized-system,1888,9,11,5,16,2,16,0,0,17,0,0,0,"Tim Sesoris"
87,wadah-makanan-untuk-jualan,1641,11,16,3,12,3,22,0,0,13,0,0,0,"Tim Sesoris"
87,walkin-closet-organization-ideas-transform-dream-storage-space-2026,1803,13,17,5,13,2,22,0,0,23,0,0,0,"Tim Sesoris"
88,aluminum-stove-tables-lightweight-rust-resistant-kitchen-solutions-2026,1874,12,8,5,14,2,13,0,0,12,0,0,0,"Tim Sesoris"
88,complete-storage-box-guide-2026,1811,9,15,5,17,2,20,0,0,28,0,0,0,"Tim Sesoris"
88,enclosed-minimalist-dish-racks-clean-modern-kitchen-storage-2026,1919,12,17,5,16,2,22,0,0,12,0,0,0,"Tim Sesoris"
88,harga-storage-box,1954,12,19,3,13,3,25,0,0,62,0,0,0,"Tim Sesoris"
88,ideas-for-shoe-storage-in-small-space-transform-home-2026,1732,12,18,5,14,2,23,0,0,33,0,0,0,"Tim Sesoris"
88,ideas-for-toy-storage-in-living-room,1737,12,16,5,15,2,21,0,0,9,0,0,0,"Tim Sesoris"
88,kitchen-cupboards-organizer-ideas-transform-storage-space-2026,1930,12,17,5,17,2,22,0,0,12,0,0,0,"Tim Sesoris"
88,organization-closet-ideas-transform-storage-space-2026,1936,11,14,5,13,2,19,0,0,8,0,0,0,"Tim Sesoris"
88,panduan-dekorasi-rumah-minimalis-lengkap,1686,11,16,5,17,2,21,0,0,6,0,0,0,"Tim Sesoris"
88,tempat-dokumen-rumah,2045,12,17,3,11,2,22,0,0,1,0,0,0,"Tim Sesoris"
88,tempat-sabun-kamar-mandi-pilihan-desain-terbaik,1879,11,21,5,14,2,26,0,0,30,0,0,0,"Tim Sesoris"
88,top-rated-glass-food-storage-containers-ultimate-guide-premium-food-organization-2026,1957,12,10,4,12,2,15,0,0,24,0,1,1,"Tim Sesoris"
88,tutorial-membuat-daftar-inventaris-rumah-tangga,1732,13,16,4,14,3,22,0,0,21,0,0,0,"Tim Sesoris"
88,very-small-closet-organization-ideas-transform-tiny-storage-space-2026,1786,10,4,5,17,2,9,0,0,3,0,0,0,"Tim Sesoris"
89,ideas-for-shoe-storage-in-garage,1890,11,14,5,13,2,19,0,0,24,0,0,1,"Tim Sesoris"
89,lemari-piring-kaca-pajang-koleksi-dengan-elegan,2214,10,2,5,14,2,7,0,0,4,0,0,0,"Tim Sesoris"
89,plastic-storage-containers-for-food-complete-guide-safe-food-storage-2026,2298,11,16,4,13,2,21,0,0,12,0,3,0,"Tim Sesoris"
89,rak-di-atas-wastafel-organisasi-area-cuci-piring,2123,11,7,4,16,2,12,0,0,1,0,0,0,"Tim Sesoris"
90,air-tight-food-storage-containers-guide-2026,2357,13,22,4,12,2,28,0,0,11,0,0,0,"Tim Sesoris"
90,airtight-storage-containers-for-food-complete-guide-2026,2384,12,22,4,15,2,27,0,0,15,0,0,0,"Tim Sesoris"
90,alat-camping,2182,13,18,3,13,2,23,0,0,52,0,0,0,"Tim Sesoris"
90,alat-dapur-multifungsi-yang-wajib-dimiliki,2083,11,26,3,14,2,31,0,0,4,0,0,0,"Tim Sesoris"
90,belanja-hemat-perlengkapan-rumah,2160,14,6,3,12,2,11,0,0,20,0,0,0,"Tim Sesoris"
90,best-storage-food-containers-ultimate-2026-guide-fresh-food-organization,2673,10,18,4,15,2,24,0,0,6,0,1,0,"Tim Sesoris"
90,box-storage,2001,10,12,4,14,2,19,0,0,3,0,0,0,"Tim Sesoris"
90,cable-management,2091,11,14,3,11,2,19,0,0,16,0,0,0,"Tim Sesoris"
90,cara-menata-dapur-agar-rapi,2053,12,6,3,20,2,11,0,0,4,0,0,0,"Tim Sesoris"
90,cara-menata-dapur-minimalis,2061,13,7,3,20,2,12,0,0,9,0,0,0,"Tim Sesoris"
90,cara-menata-dapur-sempit,2147,17,6,3,21,2,11,0,0,9,0,0,0,"Tim Sesoris"
90,cara-menata-kamar-kost,2061,20,6,3,22,2,11,0,0,23,0,0,0,"Tim Sesoris"
90,cara-menata-rumah-kecil-agar-rapi,2064,15,17,3,26,2,22,0,0,13,0,0,0,"Tim Sesoris"
90,cara-menyimpan-makanan-agar-tahan-lama,2504,13,15,3,14,2,20,0,0,5,0,0,0,"Tim Sesoris"
90,checklist-pindah-rumah,2367,11,17,3,14,2,22,0,0,10,0,0,0,"Tim Sesoris"
90,closet-organization-for-nursery-ultimate-guide-perfect-baby-storage-2026,2069,13,22,4,15,2,27,0,0,17,0,0,0,"Tim Sesoris"
90,creative-ideas-of-closet-organization-transform-wardrobe-storage-2026,2218,11,12,5,15,2,17,0,0,1,0,0,0,"Tim Sesoris"
90,dekorasi-dapur,2211,14,4,3,15,2,9,0,0,8,0,0,0,"Tim Sesoris"
90,dekorasi-ruang-keluarga,2176,13,16,3,10,2,21,0,0,4,0,0,0,"Tim Sesoris"
90,dekorasi-rumah-lebaran,2415,13,20,3,15,2,25,0,0,7,0,0,0,"Tim Sesoris"
90,desain-dapur-minimalis,2067,12,11,3,16,2,16,0,0,10,0,0,0,"Tim Sesoris"
90,dry-bag,2025,10,12,3,13,2,17,0,0,6,0,0,0,"Tim Sesoris"
90,entrance-shoe-storage-ideas-transform-home-first-impression-2026,2297,11,7,4,13,2,12,0,0,39,0,0,0,"Tim Sesoris"
90,food-containers-and-storage-complete-guide-2026,2100,9,15,4,13,2,20,0,0,36,0,0,0,"Tim Sesoris"
90,food-storage-containers-with-lids-complete-guide-2026,2134,11,17,4,16,2,22,0,0,13,0,0,0,"Tim Sesoris"
90,glass-storage-food-containers-with-lids-ultimate-guide-2026,2153,11,19,4,12,2,24,0,0,10,0,0,0,"Tim Sesoris"
90,ide-menata-kamar-kost,2115,9,25,3,15,2,30,0,0,30,0,0,0,"Tim Sesoris"
90,ideas-for-linen-closet-organization-transform-storage-space-2026,2061,13,9,4,13,2,14,0,0,9,0,0,0,"Tim Sesoris"
90,inspirasi-dapur-minimalis,2006,10,26,3,15,2,31,0,0,30,0,0,0,"Tim Sesoris"
90,inspirasi-kitchen-set-minimalis-modern,2109,10,6,4,16,2,11,0,0,4,0,0,0,"Tim Sesoris"
90,inspirasi-rumah-rapi-minimalis,2052,11,21,3,17,2,26,0,0,18,0,0,0,"Tim Sesoris"
90,keranjang-laundry,2021,12,22,3,13,2,27,0,0,16,0,0,0,"Tim Sesoris"
90,kitchen-set-modern-minimalis,2170,11,13,4,15,2,19,0,0,4,0,0,0,"Tim Sesoris"
90,label-organizer,2153,12,14,3,12,2,19,0,0,17,0,0,0,"Tim Sesoris"
90,laundry-room-organization-ideas-transform-space-2026,2141,12,5,4,14,2,10,0,0,7,0,0,0,"Tim Sesoris"
90,lemari-pakaian-minimalis,2167,13,27,3,13,2,32,0,0,16,0,0,0,"Tim Sesoris"
90,lemari-penyimpanan,2052,11,13,3,17,2,18,0,0,21,0,0,0,"Tim Sesoris"
90,lidded-food-storage-containers-ultimate-guide-fresh-food-organization-2026,2092,11,14,4,13,2,19,0,0,5,0,0,0,"Tim Sesoris"
90,linen-closet-organization-ideas-smart-ways-transform-storage-space-2026,2186,12,15,4,15,2,20,0,0,8,0,0,0,"Tim Sesoris"
90,meja-belajar-anak,2356,13,10,3,11,2,15,0,0,8,0,0,0,"Tim Sesoris"
90,meja-tv-minimalis,2151,11,21,3,11,2,26,0,0,8,0,0,0,"Tim Sesoris"
90,modern-minimalist-kitchen-set-complete-design-guide-2026,2240,11,7,4,14,2,12,0,0,42,0,0,0,"Tim Sesoris"
90,organization-ideas-for-a-small-closet-transform-limited-space-2026,2017,12,15,4,12,2,20,0,0,21,0,0,0,"Tim Sesoris"
90,organizer-kulkas,2136,12,14,3,12,2,19,0,0,8,0,0,0,"Tim Sesoris"
90,packing-cubes,2013,13,15,3,12,2,20,0,0,14,0,0,0,"Tim Sesoris"
90,panduan-lengkap-memilih-alat-masak-berkualitas,2096,12,23,4,14,2,29,0,0,21,0,0,0,"Tim Sesoris"
90,perlengkapan-rumah-minimalis,2045,13,16,3,12,2,21,0,0,27,0,0,0,"Tim Sesoris"
90,plastic-storage-containers-food-complete-guide-2026,2621,13,20,4,12,2,26,0,0,8,0,2,0,"Tim Sesoris"
90,pyrex-glass-food-storage-containers-complete-guide-2026,2136,11,19,4,12,2,24,0,0,5,0,0,0,"Tim Sesoris"
90,rak-dan-tempat-sepatu-organisasi-koleksi-sepatu,2455,12,23,4,16,2,29,0,0,5,0,0,0,"Tim Sesoris"
90,rak-kamar-mandi,2024,13,23,3,13,2,28,0,0,16,0,0,0,"Tim Sesoris"
90,rak-mainan-anak,2098,12,17,3,11,2,22,0,0,14,0,0,0,"Tim Sesoris"
90,rak-minimalis,2053,11,25,3,17,2,30,0,0,31,0,0,0,"Tim Sesoris"
90,rak-monitor-meja-kerja,2012,10,19,3,11,2,24,0,0,8,0,0,0,"Tim Sesoris"
90,rak-panci-dapur,2013,12,15,3,11,2,20,0,0,12,0,0,0,"Tim Sesoris"
90,rak-penyimpanan-gudang,2037,13,16,3,13,2,21,0,0,22,0,0,0,"Tim Sesoris"
90,rak-penyimpanan,2039,13,8,3,17,2,13,0,0,8,0,0,0,"Tim Sesoris"
90,rak-sepeda-rumah,2138,10,14,3,11,2,19,0,0,14,0,0,0,"Tim Sesoris"
90,shelf-wall-ideas-transform-living-space-2026,2275,14,20,4,14,2,25,0,0,4,0,0,0,"Tim Sesoris"
90,simple-but-attractive-living-room-decor-affordable-ideas-2026,2090,13,5,4,14,2,10,0,0,3,0,0,0,"Tim Sesoris"
90,small-front-yard-minimalist-design-compact-spaces,2049,13,18,4,14,2,24,0,0,2,0,0,0,"Tim Sesoris"
90,small-pantry-organization-ideas-transform-kitchen-storage-2026,2027,11,5,4,14,2,10,0,0,15,0,0,0,"Tim Sesoris"
90,storage-box-baju,2163,13,11,3,11,2,16,0,0,10,0,0,0,"Tim Sesoris"
90,storage-box-lipat,2087,13,17,3,12,2,22,0,0,14,0,0,0,"Tim Sesoris"
90,storage-ideas-for-toys-in-living-room-transform-family-space-2026,2357,15,8,4,14,2,13,0,0,26,0,0,0,"Tim Sesoris"
90,storage-solutions-for-bathroom-transform-space-smart-organization-2026,2444,11,7,4,14,2,12,0,0,54,0,0,0,"Tim Sesoris"
90,tempat-kue-lebaran,2112,11,17,3,12,2,22,0,0,13,0,0,0,"Tim Sesoris"
90,tempat-penyimpanan-asi,2033,13,13,3,16,2,18,0,0,8,0,0,0,"Tim Sesoris"
90,tempat-penyimpanan-baju,2046,13,11,3,15,2,16,0,0,4,0,0,0,"Tim Sesoris"
90,tempat-penyimpanan-barang,2023,13,16,3,16,2,21,0,0,18,0,0,0,"Tim Sesoris"
90,teras-rumah-minimalis,2161,14,19,3,14,2,24,0,0,16,0,0,0,"Tim Sesoris"
90,tips-menata-dapur-kecil,2109,16,7,3,15,2,12,0,0,6,0,0,0,"Tim Sesoris"
90,tips-menata-kamar-tidur-sempit,2145,16,7,3,15,2,12,0,0,24,0,0,0,"Tim Sesoris"
90,tips-produktif-kerja-dari-rumah,2272,12,13,3,17,2,18,0,0,14,0,0,0,"Tim Sesoris"
90,tips-rumah-rapi,2117,9,20,3,16,2,25,0,0,4,0,0,0,"Tim Sesoris"
90,toy-storage-ideas-for-living-room-transform-family-space-2026,2563,13,9,4,11,2,14,0,0,24,0,0,0,"Tim Sesoris"
90,travel-gear,2026,11,13,3,12,2,18,0,0,28,0,0,0,"Tim Sesoris"
90,tren-home-organization-2026,2135,14,12,3,12,2,17,0,0,8,0,0,0,"Tim Sesoris"
90,under-bed-storage,2112,13,11,3,12,2,16,0,0,14,0,0,0,"Tim Sesoris"
90,vacuum-storage-bag,2073,13,9,3,12,2,14,0,0,16,0,0,0,"Tim Sesoris"
90,vertical-garden-rumah,2085,12,8,3,11,2,13,0,0,15,0,0,0,"Tim Sesoris"
90,wadah-makanan,2011,13,16,3,12,2,21,0,0,6,0,0,0,"Tim Sesoris"
90,wall-to-wall-shelf-ideas-transform-home-storage-2026,2074,12,19,4,18,2,24,0,0,11,0,0,0,"Tim Sesoris"
90,warna-cat-rumah-minimalis,2103,11,20,3,13,2,25,0,0,4,0,0,0,"Tim Sesoris"
90,wooden-dish-racks-natural-aesthetic-beauty-kitchen,1851,10,15,5,16,2,20,0,0,18,0,0,1,"Tim Sesoris"
91,best-food-storage-containers-glass-ultimate-guide-premium-kitchen-organization-2026,2863,13,5,4,15,2,10,0,0,32,0,0,0,"Tim Sesoris"
91,best-garage-storage-solutions-transform-space-organized-haven-2026,2908,15,11,4,13,2,16,0,0,53,0,0,0,"Tim Sesoris"
91,best-glass-storage-containers-for-food-ultimate-guide-safe-kitchen-storage-2026,2612,13,19,4,16,2,24,0,0,19,0,1,0,"Tim Sesoris"
91,cara-declutter-rumah,2173,12,16,3,12,2,21,0,0,5,0,0,0,"Tim Sesoris"
91,cara-menata-ruang-tamu-sempit,2175,14,6,3,16,2,11,0,0,10,0,0,0,"Tim Sesoris"
91,cara-merapikan-rumah,2151,15,11,3,24,2,16,0,0,4,0,0,0,"Tim Sesoris"
91,container-box,2151,12,15,3,16,2,20,0,0,25,0,0,0,"Tim Sesoris"
91,dekorasi-kamar-tidur-minimalis-yang-nyaman,2219,12,14,4,16,2,19,0,0,2,0,0,0,"Tim Sesoris"
91,food-storage-containers-bpa-free-ultimate-guide-safe-food-storage-2026,2146,12,23,4,15,2,28,0,0,23,0,1,0,"Tim Sesoris"
91,food-storage-containers-for-pantry-complete-guide-organization-2026,2521,11,22,4,13,2,28,0,0,15,0,0,0,"Tim Sesoris"
91,freezable-food-storage-containers-ultimate-guide-safe-freezer-organization-2026,2156,12,23,4,12,2,28,0,0,12,0,0,0,"Tim Sesoris"
91,glass-food-storage-containers-glass-lids-ultimate-guide-2026,2214,11,7,4,13,2,12,0,0,14,0,1,0,"Tim Sesoris"
91,glass-food-storage-containers-with-lid-ultimate-guide-2026,2185,13,26,4,11,2,31,0,0,5,0,0,0,"Tim Sesoris"
91,glass-storage-containers-for-food-with-lids-ultimate-guide-2026,2180,11,20,4,14,2,25,0,0,20,0,0,0,"Tim Sesoris"
91,glassware-food-storage-containers-ultimate-guide-2026,2077,11,21,4,15,2,26,0,0,13,0,0,0,"Tim Sesoris"
91,ideas-for-laundry-room-organization-transform-space-2026,2068,12,16,4,15,2,21,0,0,18,0,0,0,"Tim Sesoris"
91,kitchen-spice-rack-guide-best-organization-solutions-2026,2114,12,21,4,14,2,28,0,0,5,0,0,0,"Tim Sesoris"
91,lemari-gantung-dapur-hemat-ruang-maksimal-fungsi,2026,12,20,3,14,2,25,0,0,8,0,0,0,"Tim Sesoris"
91,lemari-piring-aluminium-modern-dan-anti-rayap,2078,10,21,4,13,2,26,0,0,12,0,0,0,"Tim Sesoris"
91,mini-aluminum-dish-racks-perfect-space-saving-solutions-2026,2069,12,26,4,15,2,31,0,0,23,0,0,0,"Tim Sesoris"
91,organization-ideas-for-small-closet-transform-tiny-space-2026,2405,12,24,4,17,2,29,0,0,28,0,0,0,"Tim Sesoris"
91,organizer-perlengkapan-bayi,2232,12,17,3,12,2,22,0,0,8,0,0,0,"Tim Sesoris"
91,pantry-food-storage-containers-complete-organization-guide-2026,2189,12,18,4,14,2,23,0,0,14,0,0,0,"Tim Sesoris"
91,plastic-dish-racks-affordable-lightweight-kitchen-solutions,2534,13,33,4,15,2,39,0,0,22,0,2,0,"Tim Sesoris"
91,pretty-food-storage-containers-stylish-kitchen-organization-2026,2157,10,19,4,14,2,24,0,0,12,0,0,0,"Tim Sesoris"
91,pyrex-food-storage-containers-complete-review-buying-guide-2026,2382,12,14,4,15,2,19,0,0,16,0,0,0,"Tim Sesoris"
91,rak-dapur-besi,2209,11,13,3,11,2,18,0,0,12,0,0,0,"Tim Sesoris"
91,rak-piring-tempel-tembok-dapur,2187,11,13,3,15,2,18,0,0,21,0,0,0,"Tim Sesoris"
91,shoe-entryway-storage-ideas,2380,13,18,4,13,2,23,0,0,31,0,0,0,"Tim Sesoris"
91,stainless-food-storage-containers-ultimate-guide-durable-kitchen-organization-2026,2469,12,25,4,13,2,30,0,0,14,0,0,0,"Tim Sesoris"
91,stainless-steel-racks-long-term-investment-home-organization,2227,13,24,4,14,2,29,0,0,16,0,0,0,"Tim Sesoris"
91,storage-box-plastik,2029,12,21,4,12,2,28,0,0,7,0,0,0,"Tim Sesoris"
91,storage-containers-for-food-bpa-free-complete-tutorial-guide-2026,2316,12,21,4,16,3,27,0,0,16,0,3,0,"Tim Sesoris"
91,storage-ideas-in-living-room-transform-space-2026,2175,12,18,4,13,2,23,0,0,48,0,0,0,"Tim Sesoris"
91,tas-outdoor,2004,10,9,3,12,2,14,0,0,7,0,0,0,"Tim Sesoris"
91,tempat-bumbu-dapur,2074,11,13,3,14,2,18,0,0,26,0,0,0,"Tim Sesoris"
91,walk-in-closet-organization-ideas-transform-dream-wardrobe-space-2026,2217,13,18,4,14,2,23,0,0,17,0,0,0,"Tim Sesoris"
92,cara-menciptakan-home-office-yang-produktif-panduan-lifestyle-2026,2481,12,15,4,15,4,20,0,0,27,0,1,0,"Tim Sesoris"
92,dekorasi-ruang-tamu-minimalis-yang-elegan,2429,12,8,5,16,2,13,0,0,4,0,0,0,"Tim Sesoris"
92,dish-drying-racks-complete-guide-choose-organize-kitchen-space,2173,12,12,5,17,2,17,0,0,7,0,0,0,"Tim Sesoris"
92,glass-containers-glass-lids-food-storage-tutorial-guide-2026,2078,10,14,5,15,2,19,0,0,6,0,1,0,"Tim Sesoris"
92,ideas-for-shoe-storage-transform-home-organization-2026,2145,11,14,5,13,2,20,0,0,96,0,0,0,"Tim Sesoris"
92,inspirasi-ruang-tamu-minimalis-modern-2026,2101,12,21,4,16,3,26,0,0,24,0,0,0,"Tim Sesoris"
92,kitchen-cabinet-organizer-ideas-transform-cooking-space-2026,2185,14,20,5,13,2,25,0,0,27,0,0,0,"Tim Sesoris"
92,living-room-storage-ideas-transform-space-2026,2125,12,18,5,13,2,23,0,0,5,0,0,0,"Tim Sesoris"
92,makeup-organizer-ultimate-guide-beauty-storage-solutions-2026,2269,14,24,5,15,2,29,0,0,13,0,0,0,"Tim Sesoris"
92,menciptakan-zona-relaksasi-di-rumah-panduan-lifestyle-2026,2186,14,14,4,26,4,19,0,0,6,0,0,0,"Tim Sesoris"
92,organization-ideas-for-pantry-transform-kitchen-storage-2026,2530,12,18,5,22,2,23,0,0,20,0,0,0,"Tim Sesoris"
92,rak-bumbu-dapur-organisasi-bumbu-jadi-mudah,2035,13,19,5,15,2,24,0,0,20,0,0,0,"Tim Sesoris"
92,stainless-steel-food-storage-containers-ultimate-guide-durable-food-storage-2026,2305,11,23,5,15,2,29,0,0,20,0,0,0,"Tim Sesoris"
92,storage-ideas-for-small-space-transform-tiny-home-2026,2028,14,20,5,14,2,25,0,0,2,0,0,0,"Tim Sesoris"
92,storage-ideas-for-the-living-room,2203,14,21,5,16,2,26,0,0,85,0,0,0,"Tim Sesoris"
92,tips-membuat-dapur-cantik-dan-fungsional,2047,12,15,5,18,2,20,0,0,2,0,0,0,"Tim Sesoris"
92,wall-shelf-storage-ideas-transform-home-organization-2026,2517,15,11,5,15,2,16,0,0,8,0,0,0,"Tim Sesoris"
93,gambar-kitchen-set-minimalis-design-ideas-modern-homes-2026,2208,11,17,5,15,2,22,0,0,5,0,0,0,"Tim Sesoris"
93,ideas-for-living-room-storage-transform-space-smart-solutions-2026,2252,11,21,5,15,2,26,0,0,14,0,0,0,"Tim Sesoris"
93,ideas-shoe-storage-transform-home-organization-2026,2773,10,7,5,15,2,13,0,0,36,0,0,0,"Tim Sesoris"
93,kitchen-organizer-ideas-transform-cooking-space-2026,2132,13,18,5,18,2,23,0,0,16,0,0,0,"Tim Sesoris"
93,lemari-rak-piring-solusi-all-in-one-penyimpanan-dapur,2141,10,16,5,16,2,22,0,0,28,0,0,0,"Tim Sesoris"
93,mini-bar-for-small-kitchens-creative-ideas-maximize-space,2474,11,31,5,16,2,37,0,0,15,0,0,0,"Tim Sesoris"
93,organization-small-closet-ideas-smart-solutions-transform-tiny-wardrobe-2026,2598,14,20,5,15,2,25,0,0,41,0,0,0,"Tim Sesoris"
93,plate-rack-kitchen-set-lower-cabinet-maximizing-storage-space,2022,12,17,5,16,2,22,0,0,4,0,0,0,"Tim Sesoris"
93,shoe-storage-ideas-for-small-space,2137,13,19,5,15,2,24,0,0,16,0,0,0,"Tim Sesoris"
93,storage-solutions-in-garage-transform-space-organized-haven-2026,2187,13,24,5,14,2,29,0,0,26,0,0,0,"Tim Sesoris"
94,tutorial-membuat-organizer-laci-kamar-tidur-diy,2613,15,29,7,19,6,35,0,0,29,0,0,0,"Tim Sesoris"
